Country or Area,Country Code,Sub-region,Intermediate-region,Year,Economic Management,Structural Policies,Policies for Social Inclusion and Equity,Public Sector Management and Institutions,Overall CPIA
Angola,AGO,Sub-Saharan Africa,Middle Africa,2013,3.0,2.66666666666667,2.7,2.3,2.666666666666668
Angola,AGO,Sub-Saharan Africa,Middle Africa,2012,3.0,2.66666666666667,2.7,2.3,2.666666666666668
Angola,AGO,Sub-Saharan Africa,Middle Africa,2011,3.0,2.6666666666666665,2.8,2.3,2.6916666666666664
Angola,AGO,Sub-Saharan Africa,Middle Africa,2010,3.0,2.8333333333333335,2.8,2.4,2.7583333333333333
Angola,AGO,Sub-Saharan Africa,Middle Africa,2009,3.0,2.8333333333333335,2.9,2.4,2.7833333333333337
Angola,AGO,Sub-Saharan Africa,Middle Africa,2008,3.0,2.8,2.7,2.4,2.725
Angola,AGO,Sub-Saharan Africa,Middle Africa,2007,3.0,2.8333333333333335,2.7,2.4,2.733333333333334
Angola,AGO,Sub-Saharan Africa,Middle Africa,2006,2.6666666666666665,2.8333333333333335,2.7,2.4,2.65
Angola,AGO,Sub-Saharan Africa,Middle Africa,2005,2.5,2.8333333333333335,2.6,2.4,2.5833333333333335
Benin,BEN,Sub-Saharan Africa,Western Africa,2023,4.166667,3.833333,3.9,3.7,3.9000000000000004
Benin,BEN,Sub-Saharan Africa,Western Africa,2022,4.166667,3.666667,3.7,3.6,3.7833335
Benin,BEN,Sub-Saharan Africa,Western Africa,2021,4.166667,3.666667,3.6,3.5,3.7333335
Benin,BEN,Sub-Saharan Africa,Western Africa,2020,4.16666666666667,3.5,3.5,3.4,3.6416666666666675
Benin,BEN,Sub-Saharan Africa,Western Africa,2019,4.16666666666667,3.33333333333333,3.5,3.4,3.6
Benin,BEN,Sub-Saharan Africa,Western Africa,2018,3.83333333333333,3.33333333333333,3.5,3.3,3.4916666666666654
Benin,BEN,Sub-Saharan Africa,Western Africa,2017,3.83333333333333,3.33333333333333,3.4,3.3,3.466666666666665
Benin,BEN,Sub-Saharan Africa,Western Africa,2016,3.66666666666667,3.16666666666667,3.4,3.3,3.3833333333333346
Benin,BEN,Sub-Saharan Africa,Western Africa,2015,3.83333,3.5,3.4,3.3,3.5083325
Benin,BEN,Sub-Saharan Africa,Western Africa,2014,3.83333,3.5,3.4,3.3,3.5083325
Benin,BEN,Sub-Saharan Africa,Western Africa,2013,3.83333333333333,3.5,3.4,3.3,3.508333333333333
Benin,BEN,Sub-Saharan Africa,Western Africa,2012,3.66666666666667,3.5,3.4,3.3,3.4666666666666677
Benin,BEN,Sub-Saharan Africa,Western Africa,2011,3.5,3.6666666666666665,3.4,3.3,3.466666666666667
Benin,BEN,Sub-Saharan Africa,Western Africa,2010,3.5,3.6666666666666665,3.4,3.3,3.466666666666667
Benin,BEN,Sub-Saharan Africa,Western Africa,2009,3.6666666666666665,3.6666666666666665,3.3,3.3,3.4833333333333334
Benin,BEN,Sub-Saharan Africa,Western Africa,2008,4.0,3.7,3.3,3.3,3.575
Benin,BEN,Sub-Saharan Africa,Western Africa,2007,4.0,3.6666666666666665,3.3,3.3,3.5666666666666664
Benin,BEN,Sub-Saharan Africa,Western Africa,2006,4.0,3.8333333333333335,3.2,3.3,3.583333333333334
Benin,BEN,Sub-Saharan Africa,Western Africa,2005,4.0,4.0,3.2,3.4,3.65
Burkina Faso,BFA,Sub-Saharan Africa,Western Africa,2023,3.5,3.5,3.5,3.2,3.425
Burkina Faso,BFA,Sub-Saharan Africa,Western Africa,2022,3.5,3.5,3.6,3.2,3.45
Burkina Faso,BFA,Sub-Saharan Africa,Western Africa,2021,3.5,3.5,3.6,3.4,3.5
Burkina Faso,BFA,Sub-Saharan Africa,Western Africa,2020,3.66666666666667,3.5,3.6,3.4,3.5416666666666674
Burkina Faso,BFA,Sub-Saharan Africa,Western Africa,2019,3.66666666666667,3.5,3.6,3.2,3.491666666666667
Burkina Faso,BFA,Sub-Saharan Africa,Western Africa,2018,3.66666666666667,3.5,3.7,3.4,3.5666666666666678
Burkina Faso,BFA,Sub-Saharan Africa,Western Africa,2017,3.66666666666667,3.5,3.7,3.4,3.5666666666666678
Burkina Faso,BFA,Sub-Saharan Africa,Western Africa,2016,3.83333333333333,3.5,3.7,3.5,3.633333333333333
Burkina Faso,BFA,Sub-Saharan Africa,Western Africa,2015,3.83333333333333,3.5,3.6,3.5,3.6083333333333325
Burkina Faso,BFA,Sub-Saharan Africa,Western Africa,2014,4.0,3.5,3.6,3.5,3.65
Burkina Faso,BFA,Sub-Saharan Africa,Western Africa,2013,4.16666666666667,3.5,3.7,3.7,3.7666666666666675
Burkina Faso,BFA,Sub-Saharan Africa,Western Africa,2012,4.16666666666667,3.5,3.7,3.7,3.7666666666666675
Burkina Faso,BFA,Sub-Saharan Africa,Western Africa,2011,4.166666666666667,3.5,3.7,3.7,3.7666666666666666
Burkina Faso,BFA,Sub-Saharan Africa,Western Africa,2010,4.333333333333333,3.5,3.6,3.7,3.783333333333333
Burkina Faso,BFA,Sub-Saharan Africa,Western Africa,2009,4.333333333333333,3.5,3.6,3.7,3.783333333333333
Burkina Faso,BFA,Sub-Saharan Africa,Western Africa,2008,4.3,3.5,3.6,3.5,3.725
Burkina Faso,BFA,Sub-Saharan Africa,Western Africa,2007,4.333333333333333,3.3333333333333335,3.6,3.5,3.6916666666666664
Burkina Faso,BFA,Sub-Saharan Africa,Western Africa,2006,4.333333333333333,3.3333333333333335,3.6,3.5,3.6916666666666664
Burkina Faso,BFA,Sub-Saharan Africa,Western Africa,2005,4.5,3.3333333333333335,3.6,3.6,3.7583333333333333
Burundi,BDI,Sub-Saharan Africa,Eastern Africa,2023,2.833333,3.333333,3.7,2.4,3.0666665
Burundi,BDI,Sub-Saharan Africa,Eastern Africa,2022,2.666667,3.166667,3.7,2.5,3.0083335
Burundi,BDI,Sub-Saharan Africa,Eastern Africa,2021,2.666667,3.166667,3.6,2.3,2.9333335
Burundi,BDI,Sub-Saharan Africa,Eastern Africa,2020,2.66666666666667,3.16666666666667,3.6,2.3,2.9333333333333353
Burundi,BDI,Sub-Saharan Africa,Eastern Africa,2019,2.66666666666667,3.16666666666667,3.5,2.3,2.908333333333335
Burundi,BDI,Sub-Saharan Africa,Eastern Africa,2018,2.66666666666667,3.16666666666667,3.5,2.3,2.908333333333335
Burundi,BDI,Sub-Saharan Africa,Eastern Africa,2017,2.66666666666667,3.16666666666667,3.5,2.3,2.908333333333335
Burundi,BDI,Sub-Saharan Africa,Eastern Africa,2016,2.66666666666667,3.33333333333333,3.5,2.4,2.975
Burundi,BDI,Sub-Saharan Africa,Eastern Africa,2015,2.83333333333333,3.33333333333333,3.6,2.5,3.066666666666665
Burundi,BDI,Sub-Saharan Africa,Eastern Africa,2014,3.33333,3.33333,3.6,2.8,3.2666649999999997
Burundi,BDI,Sub-Saharan Africa,Eastern Africa,2013,3.33333333333333,3.33333333333333,3.6,2.7,3.2416666666666654
Burundi,BDI,Sub-Saharan Africa,Eastern Africa,2012,3.33333333333333,3.33333333333333,3.6,2.7,3.2416666666666654
Burundi,BDI,Sub-Saharan Africa,Eastern Africa,2011,3.1666666666666665,3.1666666666666665,3.4,2.7,3.1083333333333334
Burundi,BDI,Sub-Saharan Africa,Eastern Africa,2010,3.3333333333333335,3.0,3.4,2.6,3.0833333333333335
Burundi,BDI,Sub-Saharan Africa,Eastern Africa,2009,3.3333333333333335,3.0,3.3,2.6,3.058333333333333
Burundi,BDI,Sub-Saharan Africa,Eastern Africa,2008,3.3,2.8,3.3,2.6,2.9999999999999996
Burundi,BDI,Sub-Saharan Africa,Eastern Africa,2007,3.1666666666666665,3.0,3.3,2.6,3.016666666666666
Burundi,BDI,Sub-Saharan Africa,Eastern Africa,2006,3.1666666666666665,3.0,3.1,2.7,2.9916666666666663
Burundi,BDI,Sub-Saharan Africa,Eastern Africa,2005,3.3333333333333335,2.8333333333333335,3.0,2.7,2.966666666666667
Cabo Verde,CPV,Sub-Saharan Africa,Western Africa,2023,3.5,4.0,4.0,4.0,3.875
Cabo Verde,CPV,Sub-Saharan Africa,Western Africa,2022,3.5,4.0,4.0,4.0,3.875
Cabo Verde,CPV,Sub-Saharan Africa,Western Africa,2021,3.333333,4.0,3.9,4.1,3.83333325
Cabo Verde,CPV,Sub-Saharan Africa,Western Africa,2020,3.33333333333333,3.83333333333333,3.9,4.1,3.7916666666666647
Cabo Verde,CPV,Sub-Saharan Africa,Western Africa,2019,3.33333333333333,3.83333333333333,3.9,4.0,3.766666666666665
Cabo Verde,CPV,Sub-Saharan Africa,Western Africa,2018,3.33333333333333,3.83333333333333,3.9,4.0,3.766666666666665
Cabo Verde,CPV,Sub-Saharan Africa,Western Africa,2017,3.33333333333333,3.83333333333333,3.9,3.9,3.741666666666665
Cabo Verde,CPV,Sub-Saharan Africa,Western Africa,2016,3.5,3.83333333333333,3.8,3.8,3.7333333333333325
Cabo Verde,CPV,Sub-Saharan Africa,Western Africa,2015,3.66667,3.83333,3.8,4.0,3.825
Cabo Verde,CPV,Sub-Saharan Africa,Western Africa,2014,3.66666666666667,3.83333333333333,4.0,4.0,3.875
Cabo Verde,CPV,Sub-Saharan Africa,Western Africa,2013,3.66666666666667,4.0,4.0,4.1,3.9416666666666673
Cabo Verde,CPV,Sub-Saharan Africa,Western Africa,2012,3.66666666666667,4.0,4.0,4.0,3.9166666666666674
Cabo Verde,CPV,Sub-Saharan Africa,Western Africa,2011,3.8333333333333335,4.0,4.2,4.0,4.008333333333334
Cabo Verde,CPV,Sub-Saharan Africa,Western Africa,2010,4.333333333333333,3.8333333333333335,4.3,4.0,4.116666666666666
Cabo Verde,CPV,Sub-Saharan Africa,Western Africa,2009,4.5,3.8333333333333335,4.3,4.0,4.158333333333333
Cabo Verde,CPV,Sub-Saharan Africa,Western Africa,2008,4.5,3.8,4.3,4.0,4.15
Cabo Verde,CPV,Sub-Saharan Africa,Western Africa,2007,4.5,3.8333333333333335,4.3,4.0,4.158333333333333
Cabo Verde,CPV,Sub-Saharan Africa,Western Africa,2006,4.333333333333333,3.8333333333333335,4.3,3.9,4.091666666666666
Cabo Verde,CPV,Sub-Saharan Africa,Western Africa,2005,4.166666666666667,4.0,4.3,3.9,4.091666666666667
Cameroon,CMR,Sub-Saharan Africa,Middle Africa,2023,3.666667,3.333333,3.3,3.0,3.325
Cameroon,CMR,Sub-Saharan Africa,Middle Africa,2022,3.666667,3.333333,3.2,3.0,3.3
Cameroon,CMR,Sub-Saharan Africa,Middle Africa,2021,3.666667,3.166667,3.2,3.0,3.2583335
Cameroon,CMR,Sub-Saharan Africa,Middle Africa,2020,3.66666666666667,3.33333333333333,3.2,3.1,3.3249999999999997
Cameroon,CMR,Sub-Saharan Africa,Middle Africa,2019,3.66666666666667,3.33333333333333,3.2,3.0,3.3
Cameroon,CMR,Sub-Saharan Africa,Middle Africa,2018,3.66666666666667,3.33333333333333,3.2,3.0,3.3
Cameroon,CMR,Sub-Saharan Africa,Middle Africa,2017,3.66666666666667,3.33333333333333,3.1,3.0,3.275
Cameroon,CMR,Sub-Saharan Africa,Middle Africa,2016,3.5,3.16666666666667,3.1,3.0,3.1916666666666673
Cameroon,CMR,Sub-Saharan Africa,Middle Africa,2015,3.5,3.16667,3.0,2.9,3.1416675
Cameroon,CMR,Sub-Saharan Africa,Middle Africa,2014,3.66666666666667,3.16666666666667,3.0,2.9,3.183333333333335
Cameroon,CMR,Sub-Saharan Africa,Middle Africa,2013,3.83333333333333,3.16666666666667,3.0,2.9,3.225
Cameroon,CMR,Sub-Saharan Africa,Middle Africa,2012,3.83333333333333,3.16666666666667,3.0,2.9,3.225
Cameroon,CMR,Sub-Saharan Africa,Middle Africa,2011,3.6666666666666665,3.1666666666666665,3.0,2.9,3.183333333333333
Cameroon,CMR,Sub-Saharan Africa,Middle Africa,2010,3.5,3.1666666666666665,3.1,2.9,3.1666666666666665
Cameroon,CMR,Sub-Saharan Africa,Middle Africa,2009,3.6666666666666665,3.1666666666666665,3.1,2.9,3.2083333333333335
Cameroon,CMR,Sub-Saharan Africa,Middle Africa,2008,3.7,3.2,3.1,2.9,3.225
Cameroon,CMR,Sub-Saharan Africa,Middle Africa,2007,3.6666666666666665,3.1666666666666665,3.1,3.0,3.2333333333333334
Cameroon,CMR,Sub-Saharan Africa,Middle Africa,2006,3.5,3.1666666666666665,3.2,3.0,3.216666666666667
Cameroon,CMR,Sub-Saharan Africa,Middle Africa,2005,3.3333333333333335,3.3333333333333335,3.4,3.1,3.2916666666666665
Central African Republic,CAF,Sub-Saharan Africa,Middle Africa,2023,3.166667,2.5,2.3,2.4,2.59166675
Central African Republic,CAF,Sub-Saharan Africa,Middle Africa,2022,3.166667,2.5,2.3,2.4,2.59166675
Central African Republic,CAF,Sub-Saharan Africa,Middle Africa,2021,3.166667,2.5,2.3,2.4,2.59166675
Central African Republic,CAF,Sub-Saharan Africa,Middle Africa,2020,3.0,2.5,2.3,2.4,2.55
Central African Republic,CAF,Sub-Saharan Africa,Middle Africa,2019,3.0,2.5,2.3,2.4,2.55
Central African Republic,CAF,Sub-Saharan Africa,Middle Africa,2018,3.0,2.5,2.4,2.4,2.575
Central African Republic,CAF,Sub-Saharan Africa,Middle Africa,2017,2.83333333333333,2.5,2.3,2.3,2.4833333333333325
Central African Republic,CAF,Sub-Saharan Africa,Middle Africa,2016,2.83333333333333,2.33333333333333,2.3,2.2,2.416666666666665
Central African Republic,CAF,Sub-Saharan Africa,Middle Africa,2015,3.0,2.33333,2.3,2.2,2.4583325
Central African Republic,CAF,Sub-Saharan Africa,Middle Africa,2014,2.83333,2.5,2.2,2.2,2.4333325
Central African Republic,CAF,Sub-Saharan Africa,Middle Africa,2013,3.0,2.5,2.3,2.2,2.5
Central African Republic,CAF,Sub-Saharan Africa,Middle Africa,2012,3.33333333333333,2.5,2.6,2.4,2.7083333333333326
Central African Republic,CAF,Sub-Saharan Africa,Middle Africa,2011,3.3333333333333335,2.5,2.6,2.6,2.7583333333333333
Central African Republic,CAF,Sub-Saharan Africa,Middle Africa,2010,3.3333333333333335,2.6666666666666665,2.5,2.5,2.75
Central African Republic,CAF,Sub-Saharan Africa,Middle Africa,2009,3.0,2.6666666666666665,2.5,2.4,2.6416666666666666
Central African Republic,CAF,Sub-Saharan Africa,Middle Africa,2008,2.8,2.7,2.2,2.3,2.5
Central African Republic,CAF,Sub-Saharan Africa,Middle Africa,2007,2.8333333333333335,2.6666666666666665,2.2,2.3,2.5
Central African Republic,CAF,Sub-Saharan Africa,Middle Africa,2006,2.5,2.6666666666666665,2.2,2.2,2.3916666666666666
Central African Republic,CAF,Sub-Saharan Africa,Middle Africa,2005,2.5,2.6666666666666665,2.2,2.2,2.3916666666666666
Chad,TCD,Sub-Saharan Africa,Middle Africa,2023,3.166667,2.333333,2.9,2.4,2.7
Chad,TCD,Sub-Saharan Africa,Middle Africa,2022,3.166667,2.333333,2.9,2.5,2.725
Chad,TCD,Sub-Saharan Africa,Middle Africa,2021,3.0,2.5,3.0,2.5,2.75
Chad,TCD,Sub-Saharan Africa,Middle Africa,2020,3.0,2.5,3.0,2.6,2.775
Chad,TCD,Sub-Saharan Africa,Middle Africa,2019,3.0,2.66666666666667,3.0,2.5,2.7916666666666674
Chad,TCD,Sub-Saharan Africa,Middle Africa,2018,2.83333333333333,2.66666666666667,2.8,2.6,2.725
Chad,TCD,Sub-Saharan Africa,Middle Africa,2017,2.66666666666667,2.66666666666667,2.6,2.7,2.658333333333335
Chad,TCD,Sub-Saharan Africa,Middle Africa,2016,3.0,2.66666666666667,2.6,2.7,2.741666666666667
Chad,TCD,Sub-Saharan Africa,Middle Africa,2015,3.16667,2.66667,2.6,2.7,2.783335
Chad,TCD,Sub-Saharan Africa,Middle Africa,2014,3.0,2.66667,2.5,2.6,2.6916675
Chad,TCD,Sub-Saharan Africa,Middle Africa,2013,2.83333333333333,2.66666666666667,2.5,2.4,2.6
Chad,TCD,Sub-Saharan Africa,Middle Africa,2012,2.66666666666667,2.66666666666667,2.5,2.2,2.508333333333335
Chad,TCD,Sub-Saharan Africa,Middle Africa,2011,2.5,2.5,2.5,2.2,2.425
Chad,TCD,Sub-Saharan Africa,Middle Africa,2010,2.5,2.5,2.3,2.2,2.375
Chad,TCD,Sub-Saharan Africa,Middle Africa,2009,2.5,2.8333333333333335,2.4,2.2,2.4833333333333334
Chad,TCD,Sub-Saharan Africa,Middle Africa,2008,2.7,2.8,2.4,2.2,2.5250000000000004
Chad,TCD,Sub-Saharan Africa,Middle Africa,2007,2.6666666666666665,2.8333333333333335,2.6,2.2,2.575
Chad,TCD,Sub-Saharan Africa,Middle Africa,2006,3.0,3.0,2.6,2.4,2.75
Chad,TCD,Sub-Saharan Africa,Middle Africa,2005,3.3333333333333335,3.0,2.8,2.4,2.8833333333333333
Comoros,COM,Sub-Saharan Africa,Eastern Africa,2023,2.666667,3.0,2.9,2.1,2.66666675
Comoros,COM,Sub-Saharan Africa,Eastern Africa,2022,2.666667,2.833333,2.9,2.1,2.625
Comoros,COM,Sub-Saharan Africa,Eastern Africa,2021,2.666667,2.833333,2.9,2.2,2.6500000000000004
Comoros,COM,Sub-Saharan Africa,Eastern Africa,2020,2.83333333333333,2.83333333333333,2.8,2.4,2.716666666666665
Comoros,COM,Sub-Saharan Africa,Eastern Africa,2019,2.83333333333333,3.0,2.7,2.5,2.758333333333333
Comoros,COM,Sub-Saharan Africa,Eastern Africa,2018,2.83333333333333,3.0,2.8,2.6,2.8083333333333322
Comoros,COM,Sub-Saharan Africa,Eastern Africa,2017,2.83333333333333,3.0,2.8,2.6,2.8083333333333322
Comoros,COM,Sub-Saharan Africa,Eastern Africa,2016,2.83333333333333,3.0,2.9,2.7,2.8583333333333325
Comoros,COM,Sub-Saharan Africa,Eastern Africa,2015,2.83333,3.0,2.9,2.6,2.8333325
Comoros,COM,Sub-Saharan Africa,Eastern Africa,2014,2.66667,3.0,2.8,2.4,2.7166675000000002
Comoros,COM,Sub-Saharan Africa,Eastern Africa,2013,2.83333333333333,3.0,2.8,2.4,2.7583333333333324
Comoros,COM,Sub-Saharan Africa,Eastern Africa,2012,2.83333333333333,3.0,2.8,2.5,2.7833333333333323
Comoros,COM,Sub-Saharan Africa,Eastern Africa,2011,2.5,3.0,2.7,2.4,2.65
Comoros,COM,Sub-Saharan Africa,Eastern Africa,2010,2.3333333333333335,2.8333333333333335,2.6,2.4,2.541666666666667
Comoros,COM,Sub-Saharan Africa,Eastern Africa,2009,2.3333333333333335,2.6666666666666665,2.6,2.4,2.5
Comoros,COM,Sub-Saharan Africa,Eastern Africa,2008,2.0,2.7,2.5,2.2,2.35
Comoros,COM,Sub-Saharan Africa,Eastern Africa,2007,2.0,2.6666666666666665,2.7,2.2,2.3916666666666666
Comoros,COM,Sub-Saharan Africa,Eastern Africa,2006,2.0,2.5,2.7,2.2,2.35
Comoros,COM,Sub-Saharan Africa,Eastern Africa,2005,2.3333333333333335,2.3333333333333335,2.7,2.3,2.416666666666667
Congo,COG,Sub-Saharan Africa,Middle Africa,2023,3.0,2.666667,3.0,2.8,2.8666667500000003
Congo,COG,Sub-Saharan Africa,Middle Africa,2022,3.0,2.666667,3.0,2.7,2.84166675
Congo,COG,Sub-Saharan Africa,Middle Africa,2021,2.833333,2.666667,2.9,2.5,2.725
Congo,COG,Sub-Saharan Africa,Middle Africa,2020,2.66666666666667,2.66666666666667,2.9,2.5,2.683333333333335
Congo,COG,Sub-Saharan Africa,Middle Africa,2019,2.66666666666667,2.66666666666667,2.8,2.7,2.708333333333335
Congo,COG,Sub-Saharan Africa,Middle Africa,2018,2.66666666666667,2.83333333333333,2.8,2.5,2.7
Congo,COG,Sub-Saharan Africa,Middle Africa,2017,2.66666666666667,2.83333333333333,2.8,2.5,2.7
Congo,COG,Sub-Saharan Africa,Middle Africa,2016,3.0,3.0,2.9,2.5,2.85
Congo,COG,Sub-Saharan Africa,Middle Africa,2015,3.5,3.0,3.0,2.5,3.0
Congo,COG,Sub-Saharan Africa,Middle Africa,2014,3.66667,3.0,3.0,2.5,3.0416675
Congo,COG,Sub-Saharan Africa,Middle Africa,2013,3.66666666666667,3.0,3.0,2.5,3.0416666666666674
Congo,COG,Sub-Saharan Africa,Middle Africa,2012,3.5,3.0,3.0,2.5,3.0
Congo,COG,Sub-Saharan Africa,Middle Africa,2011,3.5,3.0,2.9,2.6,3.0
Congo,COG,Sub-Saharan Africa,Middle Africa,2010,3.1666666666666665,3.0,2.8,2.6,2.891666666666666
Congo,COG,Sub-Saharan Africa,Middle Africa,2009,3.0,3.0,2.7,2.6,2.8249999999999997
Congo,COG,Sub-Saharan Africa,Middle Africa,2008,2.8,2.8,2.7,2.6,2.725
Congo,COG,Sub-Saharan Africa,Middle Africa,2007,2.5,2.8333333333333335,2.7,2.6,2.6583333333333337
Congo,COG,Sub-Saharan Africa,Middle Africa,2006,2.8333333333333335,2.8333333333333335,2.7,2.7,2.7666666666666666
Congo,COG,Sub-Saharan Africa,Middle Africa,2005,3.0,2.6666666666666665,2.9,2.6,2.7916666666666665
Djibouti,DJI,Sub-Saharan Africa,Eastern Africa,2023,2.833333,3.166667,3.4,3.1,3.125
Djibouti,DJI,Sub-Saharan Africa,Eastern Africa,2022,2.666667,3.166667,3.4,3.1,3.0833334999999997
Djibouti,DJI,Sub-Saharan Africa,Eastern Africa,2021,2.666667,3.166667,3.4,3.1,3.0833334999999997
Djibouti,DJI,Sub-Saharan Africa,Eastern Africa,2020,3.16666666666667,3.16666666666667,3.4,3.2,3.233333333333335
Djibouti,DJI,Sub-Saharan Africa,Eastern Africa,2019,3.166667,3.333333,3.2,3.1,3.1999999999999997
Djibouti,DJI,Sub-Saharan Africa,Eastern Africa,2018,3.0,3.33333333333333,3.1,3.0,3.1083333333333325
Djibouti,DJI,Sub-Saharan Africa,Eastern Africa,2017,3.0,3.16666666666667,3.0,2.7,2.9666666666666677
Djibouti,DJI,Sub-Saharan Africa,Eastern Africa,2016,3.0,3.16667,3.0,2.7,2.9666675
Djibouti,DJI,Sub-Saharan Africa,Eastern Africa,2015,3.0,3.16667,3.0,2.7,2.9666675
Djibouti,DJI,Sub-Saharan Africa,Eastern Africa,2014,3.0,3.5,3.0,2.7,3.05
Djibouti,DJI,Sub-Saharan Africa,Eastern Africa,2013,3.16666666666667,3.5,3.0,2.7,3.0916666666666677
Djibouti,DJI,Sub-Saharan Africa,Eastern Africa,2012,3.16666666666667,3.5,3.1,2.6,3.0916666666666672
Djibouti,DJI,Sub-Saharan Africa,Eastern Africa,2011,3.1666666666666665,3.6666666666666665,3.1,2.8,3.1833333333333336
Djibouti,DJI,Sub-Saharan Africa,Eastern Africa,2010,3.0,3.5,3.3,2.8,3.1500000000000004
Djibouti,DJI,Sub-Saharan Africa,Eastern Africa,2009,3.0,3.6666666666666665,3.2,2.8,3.166666666666667
Djibouti,DJI,Sub-Saharan Africa,Eastern Africa,2008,3.0,3.7,3.0,2.8,3.125
Djibouti,DJI,Sub-Saharan Africa,Eastern Africa,2007,2.8333333333333335,3.6666666666666665,3.0,2.8,3.075
Djibouti,DJI,Sub-Saharan Africa,Eastern Africa,2006,2.8333333333333335,3.5,3.1,2.8,3.0583333333333336
Djibouti,DJI,Sub-Saharan Africa,Eastern Africa,2005,3.1666666666666665,3.5,3.1,2.8,3.1416666666666666
Eritrea,ERI,Sub-Saharan Africa,Eastern Africa,2023,1.5,1.166667,2.6,1.5,1.69166675
Eritrea,ERI,Sub-Saharan Africa,Eastern Africa,2022,1.5,1.166667,2.6,2.1,1.84166675
Eritrea,ERI,Sub-Saharan Africa,Eastern Africa,2021,1.5,1.166667,2.6,2.3,1.89166675
Eritrea,ERI,Sub-Saharan Africa,Eastern Africa,2020,1.5,1.16666666666667,2.6,2.4,1.9166666666666674
Eritrea,ERI,Sub-Saharan Africa,Eastern Africa,2019,1.5,1.16666666666667,2.6,2.5,1.9416666666666675
Eritrea,ERI,Sub-Saharan Africa,Eastern Africa,2018,1.33333333333333,1.33333333333333,2.6,2.6,1.966666666666665
Eritrea,ERI,Sub-Saharan Africa,Eastern Africa,2017,1.33333333333333,1.16666666666667,2.4,2.5,1.85
Eritrea,ERI,Sub-Saharan Africa,Eastern Africa,2016,1.33333333333333,1.16666666666667,2.4,2.5,1.85
Eritrea,ERI,Sub-Saharan Africa,Eastern Africa,2015,1.33333,1.33333,2.6,2.5,1.941665
Eritrea,ERI,Sub-Saharan Africa,Eastern Africa,2014,1.33333,1.33333,2.7,2.6,1.9916649999999998
Eritrea,ERI,Sub-Saharan Africa,Eastern Africa,2013,1.33333333333333,1.33333333333333,2.7,2.6,1.991666666666665
Eritrea,ERI,Sub-Saharan Africa,Eastern Africa,2012,1.5,1.5,2.7,2.6,2.075
Eritrea,ERI,Sub-Saharan Africa,Eastern Africa,2011,1.8333333333333333,1.5,2.7,2.6,2.158333333333333
Eritrea,ERI,Sub-Saharan Africa,Eastern Africa,2010,1.8333333333333333,1.5,2.8,2.7,2.208333333333333
Eritrea,ERI,Sub-Saharan Africa,Eastern Africa,2009,1.8333333333333333,1.5,2.8,2.7,2.208333333333333
Eritrea,ERI,Sub-Saharan Africa,Eastern Africa,2008,2.2,1.5,3.0,2.7,2.35
Eritrea,ERI,Sub-Saharan Africa,Eastern Africa,2007,2.1666666666666665,1.8333333333333333,3.0,2.7,2.425
Eritrea,ERI,Sub-Saharan Africa,Eastern Africa,2006,2.1666666666666665,1.8333333333333333,3.0,2.8,2.45
Eritrea,ERI,Sub-Saharan Africa,Eastern Africa,2005,2.1666666666666665,1.8333333333333333,3.2,2.8,2.5
Ethiopia,ETH,Sub-Saharan Africa,Eastern Africa,2023,2.833333,3.166667,3.5,3.1,3.15
Ethiopia,ETH,Sub-Saharan Africa,Eastern Africa,2022,3.0,3.333333,3.5,3.4,3.30833325
Ethiopia,ETH,Sub-Saharan Africa,Eastern Africa,2021,3.333333,3.333333,3.5,3.4,3.3916665
Ethiopia,ETH,Sub-Saharan Africa,Eastern Africa,2020,3.5,3.33333333333333,3.8,3.5,3.5333333333333323
Ethiopia,ETH,Sub-Saharan Africa,Eastern Africa,2019,3.5,3.16666666666667,3.8,3.4,3.4666666666666672
Ethiopia,ETH,Sub-Saharan Africa,Eastern Africa,2018,3.5,3.0,3.8,3.5,3.45
Ethiopia,ETH,Sub-Saharan Africa,Eastern Africa,2017,3.5,3.0,3.7,3.5,3.425
Ethiopia,ETH,Sub-Saharan Africa,Eastern Africa,2016,3.66666666666667,3.0,3.7,3.5,3.4666666666666677
Ethiopia,ETH,Sub-Saharan Africa,Eastern Africa,2015,3.5,3.16667,3.8,3.5,3.4916675
Ethiopia,ETH,Sub-Saharan Africa,Eastern Africa,2014,3.5,3.16666666666667,3.7,3.5,3.4666666666666677
Ethiopia,ETH,Sub-Saharan Africa,Eastern Africa,2013,3.5,3.16666666666667,3.7,3.4,3.4416666666666678
Ethiopia,ETH,Sub-Saharan Africa,Eastern Africa,2012,3.5,3.16666666666667,3.7,3.4,3.4416666666666678
Ethiopia,ETH,Sub-Saharan Africa,Eastern Africa,2011,3.6666666666666665,3.1666666666666665,3.7,3.3,3.458333333333333
Ethiopia,ETH,Sub-Saharan Africa,Eastern Africa,2010,3.6666666666666665,3.1666666666666665,3.6,3.2,3.408333333333333
Ethiopia,ETH,Sub-Saharan Africa,Eastern Africa,2009,3.6666666666666665,3.1666666666666665,3.6,3.2,3.408333333333333
Ethiopia,ETH,Sub-Saharan Africa,Eastern Africa,2008,3.3,3.2,3.6,3.3,3.3499999999999996
Ethiopia,ETH,Sub-Saharan Africa,Eastern Africa,2007,3.5,3.1666666666666665,3.7,3.3,3.416666666666667
Ethiopia,ETH,Sub-Saharan Africa,Eastern Africa,2006,3.5,3.1666666666666665,3.6,3.3,3.3916666666666666
Ethiopia,ETH,Sub-Saharan Africa,Eastern Africa,2005,3.6666666666666665,3.1666666666666665,3.6,3.1,3.3833333333333333
Ghana,GHA,Sub-Saharan Africa,Western Africa,2023,2.833333,3.5,3.7,3.6,3.4083332499999996
Ghana,GHA,Sub-Saharan Africa,Western Africa,2022,2.5,3.666667,3.7,3.6,3.36666675
Ghana,GHA,Sub-Saharan Africa,Western Africa,2021,3.333333,3.666667,3.7,3.6,3.5749999999999997
Ghana,GHA,Sub-Saharan Africa,Western Africa,2020,3.33333333333333,3.66666666666667,3.7,3.6,3.5749999999999997
Ghana,GHA,Sub-Saharan Africa,Western Africa,2019,3.33333333333333,3.66666666666667,3.7,3.6,3.5749999999999997
Ghana,GHA,Sub-Saharan Africa,Western Africa,2018,3.33333333333333,3.5,3.7,3.6,3.5333333333333328
Ghana,GHA,Sub-Saharan Africa,Western Africa,2017,3.33333333333333,3.5,3.8,3.6,3.5583333333333322
Ghana,GHA,Sub-Saharan Africa,Western Africa,2016,3.0,3.66666666666667,3.8,3.6,3.516666666666667
Ghana,GHA,Sub-Saharan Africa,Western Africa,2015,3.0,3.66667,3.9,3.7,3.5666675000000003
Ghana,GHA,Sub-Saharan Africa,Western Africa,2014,2.5,3.66667,3.9,3.4,3.3666675
Ghana,GHA,Sub-Saharan Africa,Western Africa,2013,3.0,4.0,4.0,3.7,3.675
Ghana,GHA,Sub-Saharan Africa,Western Africa,2012,3.5,4.0,4.0,3.7,3.8
Ghana,GHA,Sub-Saharan Africa,Western Africa,2011,3.8333333333333335,4.166666666666667,3.9,3.7,3.9000000000000004
Ghana,GHA,Sub-Saharan Africa,Western Africa,2010,3.6666666666666665,4.166666666666667,4.0,3.7,3.8833333333333337
Ghana,GHA,Sub-Saharan Africa,Western Africa,2009,3.6666666666666665,4.0,3.9,3.8,3.841666666666667
Ghana,GHA,Sub-Saharan Africa,Western Africa,2008,3.7,4.0,4.0,3.9,3.9
Ghana,GHA,Sub-Saharan Africa,Western Africa,2007,4.0,4.0,3.9,3.9,3.95
Ghana,GHA,Sub-Saharan Africa,Western Africa,2006,4.166666666666667,3.8333333333333335,3.8,3.9,3.9250000000000003
Ghana,GHA,Sub-Saharan Africa,Western Africa,2005,4.166666666666667,3.8333333333333335,3.7,3.7,3.8499999999999996
Guinea,GIN,Sub-Saharan Africa,Western Africa,2023,3.833333,3.333333,3.4,3.0,3.3916665
Guinea,GIN,Sub-Saharan Africa,Western Africa,2022,3.833333,3.333333,3.4,3.0,3.3916665
Guinea,GIN,Sub-Saharan Africa,Western Africa,2021,3.5,3.333333,3.4,3.0,3.30833325
Guinea,GIN,Sub-Saharan Africa,Western Africa,2020,3.5,3.33333333333333,3.4,2.9,3.2833333333333328
Guinea,GIN,Sub-Saharan Africa,Western Africa,2019,3.5,3.16666666666667,3.3,2.9,3.2166666666666672
Guinea,GIN,Sub-Saharan Africa,Western Africa,2018,3.5,3.0,3.3,2.9,3.1750000000000003
Guinea,GIN,Sub-Saharan Africa,Western Africa,2017,3.5,3.0,3.3,2.9,3.1750000000000003
Guinea,GIN,Sub-Saharan Africa,Western Africa,2016,3.5,3.0,3.2,2.9,3.15
Guinea,GIN,Sub-Saharan Africa,Western Africa,2015,3.33333,3.0,3.2,2.8,3.0833325
Guinea,GIN,Sub-Saharan Africa,Western Africa,2014,3.33333,3.0,3.1,2.7,3.0333325
Guinea,GIN,Sub-Saharan Africa,Western Africa,2013,3.33333333333333,2.83333333333333,3.0,2.7,2.966666666666665
Guinea,GIN,Sub-Saharan Africa,Western Africa,2012,3.33333333333333,2.83333333333333,3.1,2.6,2.966666666666665
Guinea,GIN,Sub-Saharan Africa,Western Africa,2011,2.8333333333333335,3.0,3.0,2.6,2.8583333333333334
Guinea,GIN,Sub-Saharan Africa,Western Africa,2010,2.3333333333333335,3.1666666666666665,3.0,2.6,2.775
Guinea,GIN,Sub-Saharan Africa,Western Africa,2009,2.3333333333333335,3.3333333333333335,3.0,2.6,2.816666666666667
Guinea,GIN,Sub-Saharan Africa,Western Africa,2008,3.0,3.3,3.0,2.6,2.975
Guinea,GIN,Sub-Saharan Africa,Western Africa,2007,3.0,3.3333333333333335,3.0,2.7,3.0083333333333337
Guinea,GIN,Sub-Saharan Africa,Western Africa,2006,2.6666666666666665,3.5,3.0,2.6,2.9416666666666664
Guinea,GIN,Sub-Saharan Africa,Western Africa,2005,2.6666666666666665,3.5,3.2,2.7,3.0166666666666666
Guinea-Bissau,GNB,Sub-Saharan Africa,Western Africa,2023,2.833333,2.833333,2.5,2.1,2.5666664999999997
Guinea-Bissau,GNB,Sub-Saharan Africa,Western Africa,2022,2.833333,2.833333,2.4,2.1,2.5416665
Guinea-Bissau,GNB,Sub-Saharan Africa,Western Africa,2021,2.5,2.833333,2.3,2.1,2.43333325
Guinea-Bissau,GNB,Sub-Saharan Africa,Western Africa,2020,2.66666666666667,2.83333333333333,2.3,2.0,2.45
Guinea-Bissau,GNB,Sub-Saharan Africa,Western Africa,2019,2.66666666666667,2.83333333333333,2.3,2.0,2.45
Guinea-Bissau,GNB,Sub-Saharan Africa,Western Africa,2018,2.66666666666667,2.83333333333333,2.3,2.0,2.45
Guinea-Bissau,GNB,Sub-Saharan Africa,Western Africa,2017,2.66666666666667,2.83333333333333,2.3,2.0,2.45
Guinea-Bissau,GNB,Sub-Saharan Africa,Western Africa,2016,2.5,2.83333333333333,2.3,2.2,2.4583333333333326
Guinea-Bissau,GNB,Sub-Saharan Africa,Western Africa,2015,2.5,3.0,2.2,2.2,2.475
Guinea-Bissau,GNB,Sub-Saharan Africa,Western Africa,2014,2.5,3.0,2.3,2.2,2.5
Guinea-Bissau,GNB,Sub-Saharan Africa,Western Africa,2013,2.5,3.0,2.4,2.2,2.5250000000000004
Guinea-Bissau,GNB,Sub-Saharan Africa,Western Africa,2012,2.66666666666667,3.0,2.5,2.3,2.616666666666667
Guinea-Bissau,GNB,Sub-Saharan Africa,Western Africa,2011,3.0,3.0,2.7,2.6,2.8249999999999997
Guinea-Bissau,GNB,Sub-Saharan Africa,Western Africa,2010,2.5,3.0,2.7,2.6,2.6999999999999997
Guinea-Bissau,GNB,Sub-Saharan Africa,Western Africa,2009,2.1666666666666665,3.1666666666666665,2.5,2.6,2.6083333333333334
Guinea-Bissau,GNB,Sub-Saharan Africa,Western Africa,2008,1.8,3.2,2.6,2.6,2.55
Guinea-Bissau,GNB,Sub-Saharan Africa,Western Africa,2007,2.0,3.1666666666666665,2.6,2.6,2.5916666666666663
Guinea-Bissau,GNB,Sub-Saharan Africa,Western Africa,2006,2.0,3.1666666666666665,2.6,2.6,2.5916666666666663
Guinea-Bissau,GNB,Sub-Saharan Africa,Western Africa,2005,2.3333333333333335,3.0,2.8,2.6,2.683333333333333
Kenya,KEN,Sub-Saharan Africa,Eastern Africa,2023,4.0,3.833333,3.9,3.6,3.83333325
Kenya,KEN,Sub-Saharan Africa,Eastern Africa,2022,4.166667,3.666667,3.8,3.5,3.7833335000000003
Kenya,KEN,Sub-Saharan Africa,Eastern Africa,2021,4.0,3.666667,3.8,3.6,3.76666675
Kenya,KEN,Sub-Saharan Africa,Eastern Africa,2020,4.0,3.66666666666667,3.7,3.4,3.6916666666666678
Kenya,KEN,Sub-Saharan Africa,Eastern Africa,2019,4.0,3.66666666666667,3.7,3.4,3.6916666666666678
Kenya,KEN,Sub-Saharan Africa,Eastern Africa,2018,4.0,3.66666666666667,3.7,3.4,3.6916666666666678
Kenya,KEN,Sub-Saharan Africa,Eastern Africa,2017,4.0,3.83333333333333,3.7,3.4,3.733333333333333
Kenya,KEN,Sub-Saharan Africa,Eastern Africa,2016,4.33333333333333,3.66666666666667,3.7,3.4,3.775
Kenya,KEN,Sub-Saharan Africa,Eastern Africa,2015,4.33333,3.83333,3.7,3.4,3.816665
Kenya,KEN,Sub-Saharan Africa,Eastern Africa,2014,4.33333,3.83333,3.7,3.4,3.816665
Kenya,KEN,Sub-Saharan Africa,Eastern Africa,2013,4.5,3.83333333333333,3.7,3.4,3.858333333333333
Kenya,KEN,Sub-Saharan Africa,Eastern Africa,2012,4.5,3.83333333333333,3.7,3.4,3.858333333333333
Kenya,KEN,Sub-Saharan Africa,Eastern Africa,2011,4.166666666666667,4.0,3.7,3.3,3.791666666666667
Kenya,KEN,Sub-Saharan Africa,Eastern Africa,2010,4.166666666666667,4.0,3.7,3.3,3.791666666666667
Kenya,KEN,Sub-Saharan Africa,Eastern Africa,2009,4.166666666666667,4.0,3.5,3.3,3.741666666666667
Kenya,KEN,Sub-Saharan Africa,Eastern Africa,2008,4.0,3.8,3.2,3.3,3.575
Kenya,KEN,Sub-Saharan Africa,Eastern Africa,2007,4.166666666666667,3.8333333333333335,3.2,3.3,3.625
Kenya,KEN,Sub-Saharan Africa,Eastern Africa,2006,4.166666666666667,3.8333333333333335,3.2,3.4,3.65
Kenya,KEN,Sub-Saharan Africa,Eastern Africa,2005,4.166666666666667,3.8333333333333335,3.1,3.3,3.5999999999999996
Lesotho,LSO,Sub-Saharan Africa,Southern Africa,2023,3.166667,3.5,3.5,2.9,3.26666675
Lesotho,LSO,Sub-Saharan Africa,Southern Africa,2022,3.166667,3.5,3.5,3.0,3.29166675
Lesotho,LSO,Sub-Saharan Africa,Southern Africa,2021,3.166667,3.5,3.5,3.0,3.29166675
Lesotho,LSO,Sub-Saharan Africa,Southern Africa,2020,3.16666666666667,3.5,3.5,3.0,3.2916666666666674
Lesotho,LSO,Sub-Saharan Africa,Southern Africa,2019,3.16666666666667,3.5,3.4,3.1,3.2916666666666674
Lesotho,LSO,Sub-Saharan Africa,Southern Africa,2018,3.16666666666667,3.5,3.4,3.2,3.3166666666666673
Lesotho,LSO,Sub-Saharan Africa,Southern Africa,2017,3.33333333333333,3.5,3.4,3.3,3.383333333333333
Lesotho,LSO,Sub-Saharan Africa,Southern Africa,2016,3.16666666666667,3.5,3.4,3.3,3.3416666666666677
Lesotho,LSO,Sub-Saharan Africa,Southern Africa,2015,3.16667,3.33333,3.4,3.3,3.3
Lesotho,LSO,Sub-Saharan Africa,Southern Africa,2014,3.33333,3.33333,3.4,3.3,3.341665
Lesotho,LSO,Sub-Saharan Africa,Southern Africa,2013,3.66666666666667,3.5,3.4,3.3,3.4666666666666677
Lesotho,LSO,Sub-Saharan Africa,Southern Africa,2012,3.66666666666667,3.33333333333333,3.4,3.5,3.475
Lesotho,LSO,Sub-Saharan Africa,Southern Africa,2011,3.6666666666666665,3.1666666666666665,3.4,3.5,3.433333333333333
Lesotho,LSO,Sub-Saharan Africa,Southern Africa,2010,3.8333333333333335,3.1666666666666665,3.3,3.5,3.45
Lesotho,LSO,Sub-Saharan Africa,Southern Africa,2009,4.0,3.3333333333333335,3.3,3.4,3.5083333333333333
Lesotho,LSO,Sub-Saharan Africa,Southern Africa,2008,4.0,3.3,3.3,3.4,3.5
Lesotho,LSO,Sub-Saharan Africa,Southern Africa,2007,4.0,3.3333333333333335,3.4,3.4,3.5333333333333337
Lesotho,LSO,Sub-Saharan Africa,Southern Africa,2006,4.0,3.3333333333333335,3.4,3.4,3.5333333333333337
Lesotho,LSO,Sub-Saharan Africa,Southern Africa,2005,4.0,3.3333333333333335,3.3,3.4,3.5083333333333333
Liberia,LBR,Sub-Saharan Africa,Western Africa,2023,3.333333,2.833333,3.1,2.7,2.9916665
Liberia,LBR,Sub-Saharan Africa,Western Africa,2022,3.333333,2.833333,3.1,2.7,2.9916665
Liberia,LBR,Sub-Saharan Africa,Western Africa,2021,3.166667,2.833333,3.1,2.8,2.9749999999999996
Liberia,LBR,Sub-Saharan Africa,Western Africa,2020,3.16666666666667,2.83333333333333,3.1,2.7,2.95
Liberia,LBR,Sub-Saharan Africa,Western Africa,2019,3.0,2.83333333333333,3.1,2.7,2.9083333333333323
Liberia,LBR,Sub-Saharan Africa,Western Africa,2018,3.16666666666667,2.83333333333333,3.1,2.5,2.9
Liberia,LBR,Sub-Saharan Africa,Western Africa,2017,3.5,3.0,3.1,2.9,3.125
Liberia,LBR,Sub-Saharan Africa,Western Africa,2016,3.5,3.0,3.0,2.9,3.1
Liberia,LBR,Sub-Saharan Africa,Western Africa,2015,3.5,3.0,3.0,2.9,3.1
Liberia,LBR,Sub-Saharan Africa,Western Africa,2014,3.5,3.0,3.0,2.9,3.1
Liberia,LBR,Sub-Saharan Africa,Western Africa,2013,3.5,3.0,3.1,2.9,3.125
Liberia,LBR,Sub-Saharan Africa,Western Africa,2012,3.5,2.83333333333333,3.1,2.8,3.0583333333333327
Liberia,LBR,Sub-Saharan Africa,Western Africa,2011,3.5,2.8333333333333335,3.0,2.8,3.033333333333333
Liberia,LBR,Sub-Saharan Africa,Western Africa,2010,3.3333333333333335,2.8333333333333335,2.7,2.8,2.916666666666667
Liberia,LBR,Sub-Saharan Africa,Western Africa,2009,3.1666666666666665,2.8333333333333335,2.5,2.8,2.825
Madagascar,MDG,Sub-Saharan Africa,Eastern Africa,2023,3.666667,3.333333,3.3,2.7,3.25
Madagascar,MDG,Sub-Saharan Africa,Eastern Africa,2022,3.666667,3.333333,3.3,2.7,3.25
Madagascar,MDG,Sub-Saharan Africa,Eastern Africa,2021,3.666667,3.333333,3.3,2.7,3.25
Madagascar,MDG,Sub-Saharan Africa,Eastern Africa,2020,3.66666666666667,3.33333333333333,3.3,2.7,3.25
Madagascar,MDG,Sub-Saharan Africa,Eastern Africa,2019,3.66666666666667,3.33333333333333,3.3,2.7,3.25
Madagascar,MDG,Sub-Saharan Africa,Eastern Africa,2018,3.66666666666667,3.33333333333333,3.3,2.8,3.2750000000000004
Madagascar,MDG,Sub-Saharan Africa,Eastern Africa,2017,3.66666666666667,3.33333333333333,3.3,2.8,3.2750000000000004
Madagascar,MDG,Sub-Saharan Africa,Eastern Africa,2016,3.66666666666667,3.16666666666667,3.3,2.8,3.233333333333335
Madagascar,MDG,Sub-Saharan Africa,Eastern Africa,2015,3.66667,3.0,3.2,2.7,3.1416674999999996
Madagascar,MDG,Sub-Saharan Africa,Eastern Africa,2014,3.66666666666667,3.16666666666667,3.1,2.6,3.133333333333335
Madagascar,MDG,Sub-Saharan Africa,Eastern Africa,2013,3.5,3.16666666666667,2.9,2.5,3.0166666666666675
Madagascar,MDG,Sub-Saharan Africa,Eastern Africa,2012,3.5,3.16666666666667,2.9,2.6,3.0416666666666674
Madagascar,MDG,Sub-Saharan Africa,Eastern Africa,2011,3.5,3.3333333333333335,3.3,2.8,3.2333333333333334
Madagascar,MDG,Sub-Saharan Africa,Eastern Africa,2010,3.5,3.3333333333333335,3.6,3.0,3.3583333333333334
Madagascar,MDG,Sub-Saharan Africa,Eastern Africa,2009,3.6666666666666665,3.5,3.6,3.3,3.5166666666666666
Madagascar,MDG,Sub-Saharan Africa,Eastern Africa,2008,3.8,3.5,3.7,3.6,3.65
Madagascar,MDG,Sub-Saharan Africa,Eastern Africa,2007,3.6666666666666665,3.8333333333333335,3.7,3.5,3.675
Madagascar,MDG,Sub-Saharan Africa,Eastern Africa,2006,3.5,3.8333333333333335,3.6,3.4,3.5833333333333335
Madagascar,MDG,Sub-Saharan Africa,Eastern Africa,2005,3.3333333333333335,3.8333333333333335,3.6,3.4,3.541666666666667
Malawi,MWI,Sub-Saharan Africa,Eastern Africa,2023,2.166667,3.333333,3.6,3.0,3.025
Malawi,MWI,Sub-Saharan Africa,Eastern Africa,2022,2.166667,3.333333,3.6,2.9,3.0
Malawi,MWI,Sub-Saharan Africa,Eastern Africa,2021,2.5,3.333333,3.6,3.0,3.10833325
Malawi,MWI,Sub-Saharan Africa,Eastern Africa,2020,2.83333333333333,3.33333333333333,3.6,3.0,3.191666666666665
Malawi,MWI,Sub-Saharan Africa,Eastern Africa,2019,2.83333333333333,3.33333333333333,3.6,3.0,3.191666666666665
Malawi,MWI,Sub-Saharan Africa,Eastern Africa,2018,2.83333333333333,3.16666666666667,3.6,3.2,3.2
Malawi,MWI,Sub-Saharan Africa,Eastern Africa,2017,3.0,3.16666666666667,3.6,3.2,3.241666666666667
Malawi,MWI,Sub-Saharan Africa,Eastern Africa,2016,2.83333333333333,3.16666666666667,3.5,3.2,3.175
Malawi,MWI,Sub-Saharan Africa,Eastern Africa,2015,2.83333,3.16667,3.5,3.1,3.15
Malawi,MWI,Sub-Saharan Africa,Eastern Africa,2014,3.0,3.16667,3.5,3.1,3.1916675
Malawi,MWI,Sub-Saharan Africa,Eastern Africa,2013,3.0,2.66666666666667,3.5,3.1,3.0666666666666673
Malawi,MWI,Sub-Saharan Africa,Eastern Africa,2012,3.0,2.83333333333333,3.5,3.3,3.1583333333333323
Malawi,MWI,Sub-Saharan Africa,Eastern Africa,2011,3.1666666666666665,3.0,3.6,3.3,3.2666666666666666
Malawi,MWI,Sub-Saharan Africa,Eastern Africa,2010,3.1666666666666665,3.1666666666666665,3.5,3.4,3.308333333333333
Malawi,MWI,Sub-Saharan Africa,Eastern Africa,2009,3.1666666666666665,3.5,3.5,3.4,3.3916666666666666
Malawi,MWI,Sub-Saharan Africa,Eastern Africa,2008,3.3,3.5,3.4,3.4,3.4
Malawi,MWI,Sub-Saharan Africa,Eastern Africa,2007,3.3333333333333335,3.5,3.4,3.4,3.4083333333333337
Malawi,MWI,Sub-Saharan Africa,Eastern Africa,2006,3.1666666666666665,3.5,3.5,3.4,3.3916666666666666
Malawi,MWI,Sub-Saharan Africa,Eastern Africa,2005,3.0,3.5,3.5,3.4,3.35
Mali,MLI,Sub-Saharan Africa,Western Africa,2023,3.833333,3.5,3.2,2.3,3.20833325
Mali,MLI,Sub-Saharan Africa,Western Africa,2022,3.833333,3.5,3.2,2.4,3.23333325
Mali,MLI,Sub-Saharan Africa,Western Africa,2021,3.833333,3.333333,3.2,2.6,3.2416665
Mali,MLI,Sub-Saharan Africa,Western Africa,2020,3.83333333333333,3.33333333333333,3.3,2.7,3.291666666666665
Mali,MLI,Sub-Saharan Africa,Western Africa,2019,4.0,3.33333333333333,3.2,3.1,3.4083333333333328
Mali,MLI,Sub-Saharan Africa,Western Africa,2018,4.0,3.5,3.1,3.0,3.4
Mali,MLI,Sub-Saharan Africa,Western Africa,2017,4.0,3.5,3.1,3.0,3.4
Mali,MLI,Sub-Saharan Africa,Western Africa,2016,3.83333333333333,3.5,3.1,3.0,3.3583333333333325
Mali,MLI,Sub-Saharan Africa,Western Africa,2015,3.83333,3.5,3.2,3.0,3.3833325
Mali,MLI,Sub-Saharan Africa,Western Africa,2014,3.66666666666667,3.5,3.3,3.0,3.366666666666667
Mali,MLI,Sub-Saharan Africa,Western Africa,2013,3.83333333333333,3.5,3.2,3.0,3.383333333333333
Mali,MLI,Sub-Saharan Africa,Western Africa,2012,3.83333333333333,3.5,3.2,3.0,3.383333333333333
Mali,MLI,Sub-Saharan Africa,Western Africa,2011,4.166666666666667,3.5,3.6,3.3,3.6416666666666666
Mali,MLI,Sub-Saharan Africa,Western Africa,2010,4.166666666666667,3.5,3.5,3.4,3.641666666666667
Mali,MLI,Sub-Saharan Africa,Western Africa,2009,4.333333333333333,3.5,3.4,3.4,3.658333333333333
Mali,MLI,Sub-Saharan Africa,Western Africa,2008,4.3,3.5,3.4,3.4,3.65
Mali,MLI,Sub-Saharan Africa,Western Africa,2007,4.333333333333333,3.5,3.5,3.5,3.708333333333333
Mali,MLI,Sub-Saharan Africa,Western Africa,2006,4.333333333333333,3.5,3.4,3.5,3.683333333333333
Mali,MLI,Sub-Saharan Africa,Western Africa,2005,4.333333333333333,3.5,3.4,3.6,3.708333333333333
Mauritania,MRT,Sub-Saharan Africa,Western Africa,2023,3.833333,3.333333,3.7,3.4,3.5666665
Mauritania,MRT,Sub-Saharan Africa,Western Africa,2022,3.5,3.166667,3.6,3.3,3.3916667499999997
Mauritania,MRT,Sub-Saharan Africa,Western Africa,2021,3.5,3.166667,3.6,3.3,3.3916667499999997
Mauritania,MRT,Sub-Saharan Africa,Western Africa,2020,3.5,3.16666666666667,3.5,3.2,3.3416666666666677
Mauritania,MRT,Sub-Saharan Africa,Western Africa,2019,3.5,3.16666666666667,3.5,3.3,3.366666666666667
Mauritania,MRT,Sub-Saharan Africa,Western Africa,2018,3.5,3.16666666666667,3.5,3.3,3.366666666666667
Mauritania,MRT,Sub-Saharan Africa,Western Africa,2017,3.5,3.16666666666667,3.6,3.3,3.3916666666666675
Mauritania,MRT,Sub-Saharan Africa,Western Africa,2016,3.5,3.16666666666667,3.5,3.3,3.366666666666667
Mauritania,MRT,Sub-Saharan Africa,Western Africa,2015,3.5,3.16666666666667,3.4,3.2,3.3166666666666673
Mauritania,MRT,Sub-Saharan Africa,Western Africa,2014,3.66666666666667,3.16666666666667,3.5,3.2,3.3833333333333346
Mauritania,MRT,Sub-Saharan Africa,Western Africa,2013,3.5,3.16666666666667,3.4,3.1,3.2916666666666674
Mauritania,MRT,Sub-Saharan Africa,Western Africa,2012,3.33333333333333,3.16666666666667,3.3,3.1,3.225
Mauritania,MRT,Sub-Saharan Africa,Western Africa,2011,3.3333333333333335,3.1666666666666665,3.3,3.0,3.2
Mauritania,MRT,Sub-Saharan Africa,Western Africa,2010,3.3333333333333335,3.1666666666666665,3.2,3.0,3.175
Mauritania,MRT,Sub-Saharan Africa,Western Africa,2009,3.1666666666666665,3.3333333333333335,3.4,3.0,3.225
Mauritania,MRT,Sub-Saharan Africa,Western Africa,2008,3.5,3.3,3.5,3.0,3.325
Mauritania,MRT,Sub-Saharan Africa,Western Africa,2007,3.5,3.5,3.5,3.0,3.375
Mauritania,MRT,Sub-Saharan Africa,Western Africa,2006,3.3333333333333335,3.5,3.4,2.9,3.2833333333333337
Mauritania,MRT,Sub-Saharan Africa,Western Africa,2005,2.8333333333333335,3.5,3.4,2.9,3.1583333333333337
Mozambique,MOZ,Sub-Saharan Africa,Eastern Africa,2023,3.166667,3.166667,3.3,2.9,3.1333335
Mozambique,MOZ,Sub-Saharan Africa,Eastern Africa,2022,3.166667,3.166667,3.3,3.0,3.1583335
Mozambique,MOZ,Sub-Saharan Africa,Eastern Africa,2021,3.0,3.166667,3.3,3.0,3.1166667500000003
Mozambique,MOZ,Sub-Saharan Africa,Eastern Africa,2020,3.0,3.16666666666667,3.3,3.0,3.116666666666667
Mozambique,MOZ,Sub-Saharan Africa,Eastern Africa,2019,2.83333333333333,3.33333333333333,3.3,3.1,3.141666666666665
Mozambique,MOZ,Sub-Saharan Africa,Eastern Africa,2018,3.0,3.33333333333333,3.4,3.1,3.2083333333333326
Mozambique,MOZ,Sub-Saharan Africa,Eastern Africa,2017,2.83333333333333,3.33333333333333,3.4,3.1,3.1666666666666647
Mozambique,MOZ,Sub-Saharan Africa,Eastern Africa,2016,3.0,3.33333333333333,3.4,3.2,3.2333333333333325
Mozambique,MOZ,Sub-Saharan Africa,Eastern Africa,2015,3.83333333333333,3.5,3.4,3.2,3.4833333333333325
Mozambique,MOZ,Sub-Saharan Africa,Eastern Africa,2014,4.16667,3.5,3.4,3.3,3.5916675
Mozambique,MOZ,Sub-Saharan Africa,Eastern Africa,2013,4.16666666666667,3.5,3.5,3.3,3.616666666666667
Mozambique,MOZ,Sub-Saharan Africa,Eastern Africa,2012,4.5,3.5,3.5,3.4,3.725
Mozambique,MOZ,Sub-Saharan Africa,Eastern Africa,2011,4.5,3.5,3.3,3.4,3.6750000000000003
Mozambique,MOZ,Sub-Saharan Africa,Eastern Africa,2010,4.5,3.6666666666666665,3.4,3.4,3.7416666666666667
Mozambique,MOZ,Sub-Saharan Africa,Eastern Africa,2009,4.5,3.6666666666666665,3.3,3.4,3.7166666666666663
Mozambique,MOZ,Sub-Saharan Africa,Eastern Africa,2008,4.3,3.7,3.4,3.3,3.675
Mozambique,MOZ,Sub-Saharan Africa,Eastern Africa,2007,4.166666666666667,3.6666666666666665,3.3,3.3,3.6083333333333334
Mozambique,MOZ,Sub-Saharan Africa,Eastern Africa,2006,4.166666666666667,3.5,3.3,3.1,3.5166666666666666
Mozambique,MOZ,Sub-Saharan Africa,Eastern Africa,2005,4.166666666666667,3.1666666666666665,3.3,3.2,3.458333333333333
Niger,NER,Sub-Saharan Africa,Western Africa,2023,3.666667,3.166667,3.4,3.2,3.3583334999999996
Niger,NER,Sub-Saharan Africa,Western Africa,2022,3.833333,3.333333,3.4,3.2,3.4416665
Niger,NER,Sub-Saharan Africa,Western Africa,2021,3.833333,3.333333,3.2,3.2,3.3916665000000004
Niger,NER,Sub-Saharan Africa,Western Africa,2020,3.83333333333333,3.33333333333333,3.3,3.2,3.416666666666665
Niger,NER,Sub-Saharan Africa,Western Africa,2019,3.83333333333333,3.33333333333333,3.3,3.1,3.391666666666665
Niger,NER,Sub-Saharan Africa,Western Africa,2018,3.83333333333333,3.5,3.2,3.1,3.4083333333333328
Niger,NER,Sub-Saharan Africa,Western Africa,2017,3.66666666666667,3.5,3.2,3.1,3.3666666666666676
Niger,NER,Sub-Saharan Africa,Western Africa,2016,3.66666666666667,3.33333333333333,3.3,3.1,3.35
Niger,NER,Sub-Saharan Africa,Western Africa,2015,3.83333333333333,3.5,3.3,3.2,3.458333333333332
Niger,NER,Sub-Saharan Africa,Western Africa,2014,3.83333333333333,3.33333333333333,3.3,3.2,3.416666666666665
Niger,NER,Sub-Saharan Africa,Western Africa,2013,4.0,3.33333333333333,3.3,3.2,3.458333333333332
Niger,NER,Sub-Saharan Africa,Western Africa,2012,4.0,3.33333333333333,3.4,3.2,3.4833333333333325
Niger,NER,Sub-Saharan Africa,Western Africa,2011,3.8333333333333335,3.1666666666666665,3.4,3.2,3.4000000000000004
Niger,NER,Sub-Saharan Africa,Western Africa,2010,3.8333333333333335,3.3333333333333335,3.2,3.2,3.3916666666666666
Niger,NER,Sub-Saharan Africa,Western Africa,2009,3.8333333333333335,3.3333333333333335,3.1,3.1,3.341666666666667
Niger,NER,Sub-Saharan Africa,Western Africa,2008,3.7,3.3,3.0,3.2,3.3
Niger,NER,Sub-Saharan Africa,Western Africa,2007,3.6666666666666665,3.3333333333333335,3.0,3.2,3.3
Niger,NER,Sub-Saharan Africa,Western Africa,2006,3.6666666666666665,3.3333333333333335,3.0,3.2,3.3
Niger,NER,Sub-Saharan Africa,Western Africa,2005,3.3333333333333335,3.5,3.0,3.2,3.2583333333333337
Nigeria,NGA,Sub-Saharan Africa,Western Africa,2023,3.5,3.166667,3.4,2.7,3.1916667500000004
Nigeria,NGA,Sub-Saharan Africa,Western Africa,2022,3.333333,3.0,3.5,2.8,3.15833325
Nigeria,NGA,Sub-Saharan Africa,Western Africa,2021,3.5,3.0,3.5,2.8,3.2
Nigeria,NGA,Sub-Saharan Africa,Western Africa,2020,3.5,3.0,3.5,2.8,3.2
Nigeria,NGA,Sub-Saharan Africa,Western Africa,2019,3.33333333333333,3.0,3.5,2.8,3.1583333333333323
Nigeria,NGA,Sub-Saharan Africa,Western Africa,2018,3.33333333333333,3.0,3.4,2.8,3.133333333333333
Nigeria,NGA,Sub-Saharan Africa,Western Africa,2017,3.33333333333333,3.16666666666667,3.5,2.8,3.2
Nigeria,NGA,Sub-Saharan Africa,Western Africa,2016,3.5,3.33333333333333,3.5,2.8,3.2833333333333323
Nigeria,NGA,Sub-Saharan Africa,Western Africa,2015,3.83333,3.5,3.5,2.8,3.4083325
Nigeria,NGA,Sub-Saharan Africa,Western Africa,2014,4.33333333333333,3.5,3.5,2.8,3.5333333333333323
Nigeria,NGA,Sub-Saharan Africa,Western Africa,2013,4.5,3.5,3.5,2.8,3.575
Nigeria,NGA,Sub-Saharan Africa,Western Africa,2012,4.33333333333333,3.5,3.4,2.9,3.5333333333333328
Nigeria,NGA,Sub-Saharan Africa,Western Africa,2011,4.0,3.5,3.3,2.9,3.4250000000000003
Nigeria,NGA,Sub-Saharan Africa,Western Africa,2010,4.166666666666667,3.5,3.2,2.9,3.441666666666667
Nigeria,NGA,Sub-Saharan Africa,Western Africa,2009,4.333333333333333,3.5,3.2,2.9,3.4833333333333334
Nigeria,NGA,Sub-Saharan Africa,Western Africa,2008,4.3,3.3,3.2,2.9,3.4250000000000003
Nigeria,NGA,Sub-Saharan Africa,Western Africa,2007,4.333333333333333,3.1666666666666665,3.2,2.9,3.4
Nigeria,NGA,Sub-Saharan Africa,Western Africa,2006,4.0,3.0,3.1,2.8,3.2249999999999996
Nigeria,NGA,Sub-Saharan Africa,Western Africa,2005,3.8333333333333335,2.8333333333333335,3.1,2.8,3.1416666666666666
Rwanda,RWA,Sub-Saharan Africa,Eastern Africa,2023,4.0,4.166667,4.4,3.9,4.11666675
Rwanda,RWA,Sub-Saharan Africa,Eastern Africa,2022,4.0,4.166667,4.3,3.8,4.06666675
Rwanda,RWA,Sub-Saharan Africa,Eastern Africa,2021,4.0,4.166667,4.3,3.8,4.06666675
Rwanda,RWA,Sub-Saharan Africa,Eastern Africa,2020,4.0,4.16666666666667,4.3,3.8,4.066666666666667
Rwanda,RWA,Sub-Saharan Africa,Eastern Africa,2019,4.0,4.16666666666667,4.2,3.8,4.041666666666668
Rwanda,RWA,Sub-Saharan Africa,Eastern Africa,2018,4.0,4.16666666666667,4.2,3.8,4.041666666666668
Rwanda,RWA,Sub-Saharan Africa,Eastern Africa,2017,4.0,4.16666666666667,4.3,3.7,4.041666666666667
Rwanda,RWA,Sub-Saharan Africa,Eastern Africa,2016,4.0,4.16666666666667,4.3,3.7,4.041666666666667
Rwanda,RWA,Sub-Saharan Africa,Eastern Africa,2015,4.0,4.16666666666667,4.3,3.7,4.041666666666667
Rwanda,RWA,Sub-Saharan Africa,Eastern Africa,2014,4.0,4.16667,4.2,3.6,3.9916674999999997
Rwanda,RWA,Sub-Saharan Africa,Eastern Africa,2013,3.83333333333333,4.16666666666667,4.1,3.6,3.925
Rwanda,RWA,Sub-Saharan Africa,Eastern Africa,2012,3.83333333333333,3.83333333333333,4.1,3.6,3.8416666666666646
Rwanda,RWA,Sub-Saharan Africa,Eastern Africa,2011,3.8333333333333335,3.8333333333333335,4.0,3.6,3.816666666666667
Rwanda,RWA,Sub-Saharan Africa,Eastern Africa,2010,3.8333333333333335,3.8333333333333335,4.0,3.7,3.841666666666667
Rwanda,RWA,Sub-Saharan Africa,Eastern Africa,2009,3.8333333333333335,3.8333333333333335,3.9,3.5,3.7666666666666666
Rwanda,RWA,Sub-Saharan Africa,Eastern Africa,2008,3.8,3.5,3.9,3.5,3.675
Rwanda,RWA,Sub-Saharan Africa,Eastern Africa,2007,3.8333333333333335,3.5,3.8,3.5,3.658333333333333
Rwanda,RWA,Sub-Saharan Africa,Eastern Africa,2006,3.8333333333333335,3.5,3.8,3.4,3.6333333333333333
Rwanda,RWA,Sub-Saharan Africa,Eastern Africa,2005,3.5,3.5,3.6,3.3,3.4749999999999996
Senegal,SEN,Sub-Saharan Africa,Western Africa,2023,3.666667,3.833333,3.7,3.6,3.6999999999999997
Senegal,SEN,Sub-Saharan Africa,Western Africa,2022,3.666667,3.833333,3.7,3.6,3.6999999999999997
Senegal,SEN,Sub-Saharan Africa,Western Africa,2021,3.833333,3.666667,3.7,3.6,3.6999999999999997
Senegal,SEN,Sub-Saharan Africa,Western Africa,2020,3.83333333333333,3.83333333333333,3.7,3.5,3.716666666666665
Senegal,SEN,Sub-Saharan Africa,Western Africa,2019,3.83333333333333,3.83333333333333,3.7,3.5,3.716666666666665
Senegal,SEN,Sub-Saharan Africa,Western Africa,2018,4.0,3.66666666666667,3.7,3.5,3.7166666666666677
Senegal,SEN,Sub-Saharan Africa,Western Africa,2017,4.16666666666667,3.83333333333333,3.7,3.6,3.8249999999999997
Senegal,SEN,Sub-Saharan Africa,Western Africa,2016,4.16666666666667,3.83333333333333,3.5,3.6,3.775
Senegal,SEN,Sub-Saharan Africa,Western Africa,2015,4.16667,4.0,3.5,3.6,3.8166675
Senegal,SEN,Sub-Saharan Africa,Western Africa,2014,4.16666666666667,4.0,3.5,3.6,3.8166666666666673
Senegal,SEN,Sub-Saharan Africa,Western Africa,2013,4.16666666666667,4.0,3.5,3.6,3.8166666666666673
Senegal,SEN,Sub-Saharan Africa,Western Africa,2012,4.16666666666667,4.0,3.5,3.6,3.8166666666666673
Senegal,SEN,Sub-Saharan Africa,Western Africa,2011,4.0,4.0,3.5,3.6,3.775
Senegal,SEN,Sub-Saharan Africa,Western Africa,2010,4.0,3.8333333333333335,3.4,3.5,3.6833333333333336
Senegal,SEN,Sub-Saharan Africa,Western Africa,2009,4.0,3.8333333333333335,3.4,3.4,3.6583333333333337
Senegal,SEN,Sub-Saharan Africa,Western Africa,2008,3.8,3.8,3.4,3.4,3.6
Senegal,SEN,Sub-Saharan Africa,Western Africa,2007,4.166666666666667,3.8333333333333335,3.4,3.5,3.725
Senegal,SEN,Sub-Saharan Africa,Western Africa,2006,4.0,3.6666666666666665,3.4,3.6,3.6666666666666665
Senegal,SEN,Sub-Saharan Africa,Western Africa,2005,4.166666666666667,3.8333333333333335,3.4,3.6,3.75
Sierra Leone,SLE,Sub-Saharan Africa,Western Africa,2023,3.0,3.0,3.6,3.2,3.2
Sierra Leone,SLE,Sub-Saharan Africa,Western Africa,2022,3.0,3.0,3.6,3.2,3.2
Sierra Leone,SLE,Sub-Saharan Africa,Western Africa,2021,3.166667,3.0,3.4,3.2,3.1916667500000004
Sierra Leone,SLE,Sub-Saharan Africa,Western Africa,2020,3.16666666666667,3.0,3.2,3.2,3.1416666666666675
Sierra Leone,SLE,Sub-Saharan Africa,Western Africa,2019,3.16666666666667,3.0,3.1,3.2,3.116666666666667
Sierra Leone,SLE,Sub-Saharan Africa,Western Africa,2018,3.16666666666667,3.16666666666667,3.1,3.2,3.158333333333335
Sierra Leone,SLE,Sub-Saharan Africa,Western Africa,2017,3.5,3.16666666666667,3.2,3.1,3.2416666666666676
Sierra Leone,SLE,Sub-Saharan Africa,Western Africa,2016,3.5,3.16666666666667,3.2,3.1,3.2416666666666676
Sierra Leone,SLE,Sub-Saharan Africa,Western Africa,2015,3.5,3.16667,3.3,3.1,3.2666675
Sierra Leone,SLE,Sub-Saharan Africa,Western Africa,2014,3.5,3.16667,3.3,3.1,3.2666675
Sierra Leone,SLE,Sub-Saharan Africa,Western Africa,2013,3.5,3.16666666666667,3.3,3.1,3.266666666666667
Sierra Leone,SLE,Sub-Saharan Africa,Western Africa,2012,3.5,3.16666666666667,3.3,3.1,3.266666666666667
Sierra Leone,SLE,Sub-Saharan Africa,Western Africa,2011,3.6666666666666665,3.1666666666666665,3.3,3.1,3.308333333333333
Sierra Leone,SLE,Sub-Saharan Africa,Western Africa,2010,3.6666666666666665,3.1666666666666665,3.2,3.0,3.2583333333333333
Sierra Leone,SLE,Sub-Saharan Africa,Western Africa,2009,3.6666666666666665,3.1666666666666665,3.1,2.9,3.2083333333333335
Sierra Leone,SLE,Sub-Saharan Africa,Western Africa,2008,3.7,3.2,2.9,2.7,3.125
Sierra Leone,SLE,Sub-Saharan Africa,Western Africa,2007,3.6666666666666665,3.0,2.9,2.8,3.091666666666667
Sierra Leone,SLE,Sub-Saharan Africa,Western Africa,2006,3.7,3.0,2.8,2.9,3.1
Sierra Leone,SLE,Sub-Saharan Africa,Western Africa,2005,3.6666666666666665,3.0,2.9,2.9,3.1166666666666667
Somalia,SOM,Sub-Saharan Africa,Eastern Africa,2023,2.333333,2.166667,2.5,1.9,2.225
Somalia,SOM,Sub-Saharan Africa,Eastern Africa,2022,2.0,2.166667,2.4,1.9,2.1166667500000003
Somalia,SOM,Sub-Saharan Africa,Eastern Africa,2021,2.0,2.166667,2.4,1.9,2.1166667500000003
Somalia,SOM,Sub-Saharan Africa,Eastern Africa,2020,2.0,1.66666666666667,2.4,2.0,2.0166666666666675
Somalia,SOM,Sub-Saharan Africa,Eastern Africa,2019,2.0,1.5,2.4,2.0,1.975
Somalia,SOM,Sub-Saharan Africa,Eastern Africa,2017,1.83333333333333,1.66666666666667,2.0,1.8,1.825
South Sudan,SSD,Sub-Saharan Africa,Eastern Africa,2023,1.666667,2.0,1.7,1.3,1.6666667499999999
South Sudan,SSD,Sub-Saharan Africa,Eastern Africa,2022,1.5,2.0,1.6,1.4,1.625
South Sudan,SSD,Sub-Saharan Africa,Eastern Africa,2021,1.5,2.0,1.5,1.4,1.6
South Sudan,SSD,Sub-Saharan Africa,Eastern Africa,2020,1.16666666666667,1.83333333333333,1.5,1.4,1.475
South Sudan,SSD,Sub-Saharan Africa,Eastern Africa,2019,1.0,1.83333333333333,1.5,1.4,1.4333333333333327
South Sudan,SSD,Sub-Saharan Africa,Eastern Africa,2018,1.0,2.0,1.5,1.4,1.475
South Sudan,SSD,Sub-Saharan Africa,Eastern Africa,2017,1.0,2.0,1.7,1.4,1.525
South Sudan,SSD,Sub-Saharan Africa,Eastern Africa,2016,1.0,2.0,1.8,1.5,1.575
South Sudan,SSD,Sub-Saharan Africa,Eastern Africa,2015,1.5,2.16667,2.1,1.7,1.8666675
South Sudan,SSD,Sub-Saharan Africa,Eastern Africa,2014,1.83333,2.16667,2.1,1.9,2.0
South Sudan,SSD,Sub-Saharan Africa,Eastern Africa,2013,1.83333333333333,2.33333333333333,2.2,2.0,2.091666666666665
South Sudan,SSD,Sub-Saharan Africa,Eastern Africa,2012,1.83333333333333,2.33333333333333,2.3,2.0,2.116666666666665
Sudan,SDN,Northern Africa,Northern Africa,2023,1.833333,2.166667,2.2,1.8,2.0
Sudan,SDN,Northern Africa,Northern Africa,2022,2.0,2.5,2.5,1.8,2.2
Sudan,SDN,Northern Africa,Northern Africa,2021,2.166667,2.5,2.5,1.9,2.26666675
Sudan,SDN,Northern Africa,Northern Africa,2020,1.83333333333333,2.5,2.5,2.1,2.2333333333333325
Sudan,SDN,Northern Africa,Northern Africa,2019,1.83333333333333,2.5,2.5,2.1,2.2333333333333325
Sudan,SDN,Northern Africa,Northern Africa,2018,1.83333333333333,2.66666666666667,2.5,2.1,2.275
Sudan,SDN,Northern Africa,Northern Africa,2017,2.16666666666667,2.66666666666667,2.5,2.2,2.383333333333335
Sudan,SDN,Northern Africa,Northern Africa,2016,2.5,2.66666666666667,2.5,2.2,2.4666666666666677
Sudan,SDN,Northern Africa,Northern Africa,2015,2.33333333333333,2.66666666666667,2.5,2.2,2.425
Sudan,SDN,Northern Africa,Northern Africa,2014,2.33333,2.66667,2.5,2.2,2.425
Sudan,SDN,Northern Africa,Northern Africa,2013,2.16666666666667,2.66666666666667,2.4,2.2,2.358333333333335
Sudan,SDN,Northern Africa,Northern Africa,2012,2.16666666666667,2.5,2.4,2.2,2.3166666666666673
Sudan,SDN,Northern Africa,Northern Africa,2011,2.3333333333333335,2.5,2.4,2.2,2.3583333333333334
Sudan,SDN,Northern Africa,Northern Africa,2010,2.6666666666666665,2.5,2.4,2.2,2.4416666666666664
Sudan,SDN,Northern Africa,Northern Africa,2009,2.6666666666666665,2.6666666666666665,2.3,2.2,2.458333333333333
Sudan,SDN,Northern Africa,Northern Africa,2008,2.7,2.7,2.3,2.3,2.5
Sudan,SDN,Northern Africa,Northern Africa,2007,2.6666666666666665,2.6666666666666665,2.4,2.3,2.508333333333333
Sudan,SDN,Northern Africa,Northern Africa,2006,2.7,2.8,2.3,2.3,2.525
Sudan,SDN,Northern Africa,Northern Africa,2005,2.8333333333333335,2.8333333333333335,2.3,2.4,2.591666666666667
Togo,TGO,Sub-Saharan Africa,Western Africa,2023,3.833333,3.833333,4.0,3.4,3.7666665
Togo,TGO,Sub-Saharan Africa,Western Africa,2022,3.833333,3.833333,3.8,3.2,3.6666665
Togo,TGO,Sub-Saharan Africa,Western Africa,2021,3.833333,3.333333,3.7,3.2,3.5166665000000004
Togo,TGO,Sub-Saharan Africa,Western Africa,2020,3.66666666666667,3.33333333333333,3.7,3.2,3.4749999999999996
Togo,TGO,Sub-Saharan Africa,Western Africa,2019,3.33333333333333,3.33333333333333,3.6,3.1,3.341666666666665
Togo,TGO,Sub-Saharan Africa,Western Africa,2018,3.33333333333333,3.33333333333333,3.4,2.9,3.241666666666665
Togo,TGO,Sub-Saharan Africa,Western Africa,2017,3.16666666666667,3.16666666666667,3.4,2.8,3.1333333333333346
Togo,TGO,Sub-Saharan Africa,Western Africa,2016,2.83333333333333,3.16666666666667,3.4,2.7,3.0250000000000004
Togo,TGO,Sub-Saharan Africa,Western Africa,2015,2.83333333333333,3.16666666666667,3.3,2.6,2.975
Togo,TGO,Sub-Saharan Africa,Western Africa,2014,3.0,3.16667,3.2,2.6,2.9916674999999997
Togo,TGO,Sub-Saharan Africa,Western Africa,2013,3.0,3.16666666666667,3.1,2.6,2.9666666666666672
Togo,TGO,Sub-Saharan Africa,Western Africa,2012,3.0,3.16666666666667,3.0,2.7,2.9666666666666677
Togo,TGO,Sub-Saharan Africa,Western Africa,2011,3.1666666666666665,3.0,3.0,2.8,2.9916666666666663
Togo,TGO,Sub-Saharan Africa,Western Africa,2010,3.0,3.1666666666666665,2.8,2.6,2.891666666666666
Togo,TGO,Sub-Saharan Africa,Western Africa,2009,2.8333333333333335,3.1666666666666665,2.7,2.4,2.775
Togo,TGO,Sub-Saharan Africa,Western Africa,2008,2.7,3.2,2.7,2.2,2.7
Togo,TGO,Sub-Saharan Africa,Western Africa,2007,2.1666666666666665,3.1666666666666665,2.6,2.2,2.533333333333333
Togo,TGO,Sub-Saharan Africa,Western Africa,2006,2.0,3.1666666666666665,2.6,2.2,2.4916666666666663
Togo,TGO,Sub-Saharan Africa,Western Africa,2005,2.0,3.1666666666666665,2.6,2.2,2.4916666666666663
Uganda,UGA,Sub-Saharan Africa,Eastern Africa,2023,3.833333,3.666667,3.4,3.3,3.55
Uganda,UGA,Sub-Saharan Africa,Eastern Africa,2022,3.833333,3.666667,3.5,3.3,3.575
Uganda,UGA,Sub-Saharan Africa,Eastern Africa,2021,3.833333,3.666667,3.5,3.2,3.55
Uganda,UGA,Sub-Saharan Africa,Eastern Africa,2020,4.0,3.66666666666667,3.5,3.2,3.5916666666666677
Uganda,UGA,Sub-Saharan Africa,Eastern Africa,2019,4.33333333333333,3.66666666666667,3.5,3.2,3.675
Uganda,UGA,Sub-Saharan Africa,Eastern Africa,2018,4.16666666666667,3.83333333333333,3.5,3.2,3.675
Uganda,UGA,Sub-Saharan Africa,Eastern Africa,2017,4.16666666666667,3.83333333333333,3.5,3.0,3.625
Uganda,UGA,Sub-Saharan Africa,Eastern Africa,2016,4.0,4.0,3.5,3.0,3.625
Uganda,UGA,Sub-Saharan Africa,Eastern Africa,2015,4.16667,4.0,3.7,3.1,3.7416674999999997
Uganda,UGA,Sub-Saharan Africa,Eastern Africa,2014,4.16667,4.0,3.7,3.1,3.7416674999999997
Uganda,UGA,Sub-Saharan Africa,Eastern Africa,2013,4.16666666666667,4.0,3.7,3.0,3.7166666666666677
Uganda,UGA,Sub-Saharan Africa,Eastern Africa,2012,4.16666666666667,4.0,3.7,3.0,3.7166666666666677
Uganda,UGA,Sub-Saharan Africa,Eastern Africa,2011,4.166666666666667,4.0,3.7,3.2,3.7666666666666666
Uganda,UGA,Sub-Saharan Africa,Eastern Africa,2010,4.333333333333333,3.8333333333333335,3.7,3.2,3.7666666666666666
Uganda,UGA,Sub-Saharan Africa,Eastern Africa,2009,4.5,3.8333333333333335,3.8,3.3,3.8583333333333334
Uganda,UGA,Sub-Saharan Africa,Eastern Africa,2008,4.5,3.8,3.8,3.4,3.8750000000000004
Uganda,UGA,Sub-Saharan Africa,Eastern Africa,2007,4.5,3.8333333333333335,3.9,3.3,3.8833333333333337
Uganda,UGA,Sub-Saharan Africa,Eastern Africa,2006,4.5,3.8333333333333335,3.9,3.3,3.8833333333333337
Uganda,UGA,Sub-Saharan Africa,Eastern Africa,2005,4.5,3.8333333333333335,3.9,3.3,3.8833333333333337
Zambia,ZMB,Sub-Saharan Africa,Eastern Africa,2023,2.833333,3.833333,3.4,2.9,3.2416665
Zambia,ZMB,Sub-Saharan Africa,Eastern Africa,2022,2.5,3.833333,3.4,2.9,3.15833325
Zambia,ZMB,Sub-Saharan Africa,Eastern Africa,2021,2.5,3.833333,3.2,2.9,3.10833325
Zambia,ZMB,Sub-Saharan Africa,Eastern Africa,2020,2.5,3.83333333333333,3.1,3.0,3.1083333333333325
Zambia,ZMB,Sub-Saharan Africa,Eastern Africa,2019,2.66666666666667,3.83333333333333,3.1,3.0,3.15
Zambia,ZMB,Sub-Saharan Africa,Eastern Africa,2018,2.66666666666667,3.83333333333333,3.4,3.1,3.25
Zambia,ZMB,Sub-Saharan Africa,Eastern Africa,2017,2.83333333333333,3.83333333333333,3.3,3.2,3.291666666666665
Zambia,ZMB,Sub-Saharan Africa,Eastern Africa,2016,3.0,3.66666666666667,3.3,3.2,3.291666666666667
Zambia,ZMB,Sub-Saharan Africa,Eastern Africa,2015,3.0,3.66667,3.3,3.2,3.2916675
Zambia,ZMB,Sub-Saharan Africa,Eastern Africa,2014,3.5,3.66667,3.3,3.2,3.4166675
Zambia,ZMB,Sub-Saharan Africa,Eastern Africa,2013,3.5,3.66666666666667,3.3,3.2,3.416666666666667
Zambia,ZMB,Sub-Saharan Africa,Eastern Africa,2012,3.66666666666667,3.66666666666667,3.3,3.2,3.458333333333335
Zambia,ZMB,Sub-Saharan Africa,Eastern Africa,2011,3.6666666666666665,3.6666666666666665,3.4,3.1,3.458333333333333
Zambia,ZMB,Sub-Saharan Africa,Eastern Africa,2010,3.5,3.6666666666666665,3.5,3.1,3.4416666666666664
Zambia,ZMB,Sub-Saharan Africa,Eastern Africa,2009,3.5,3.5,3.5,3.2,3.425
Zambia,ZMB,Sub-Saharan Africa,Eastern Africa,2008,3.7,3.7,3.5,3.2,3.5250000000000004
Zambia,ZMB,Sub-Saharan Africa,Eastern Africa,2007,3.6666666666666665,3.6666666666666665,3.4,3.2,3.4833333333333334
Zambia,ZMB,Sub-Saharan Africa,Eastern Africa,2006,3.6666666666666665,3.3333333333333335,3.4,3.2,3.4000000000000004
Zambia,ZMB,Sub-Saharan Africa,Eastern Africa,2005,3.3333333333333335,3.3333333333333335,3.4,3.2,3.3166666666666664
Zimbabwe,ZWE,Sub-Saharan Africa,Eastern Africa,2023,2.5,2.833333,3.7,2.9,2.98333325
Zimbabwe,ZWE,Sub-Saharan Africa,Eastern Africa,2022,2.5,2.833333,3.7,2.9,2.98333325
Zimbabwe,ZWE,Sub-Saharan Africa,Eastern Africa,2021,2.666667,2.833333,3.7,2.9,3.025
Zimbabwe,ZWE,Sub-Saharan Africa,Eastern Africa,2020,2.5,2.83333333333333,3.7,2.9,2.983333333333333
Zimbabwe,ZWE,Sub-Saharan Africa,Eastern Africa,2019,2.5,2.83333333333333,3.7,2.9,2.983333333333333
Zimbabwe,ZWE,Sub-Saharan Africa,Eastern Africa,2018,2.16666666666667,2.5,3.7,2.8,2.791666666666668
Zimbabwe,ZWE,Sub-Saharan Africa,Eastern Africa,2017,2.33333333333333,2.5,3.5,2.8,2.7833333333333323
Zimbabwe,ZWE,Sub-Saharan Africa,Eastern Africa,2016,2.33333333333333,2.33333333333333,3.4,2.8,2.716666666666665
Zimbabwe,ZWE,Sub-Saharan Africa,Eastern Africa,2015,2.66666666666667,2.66666666666667,3.3,2.8,2.858333333333335
Zimbabwe,ZWE,Sub-Saharan Africa,Eastern Africa,2014,2.33333333333333,2.5,3.1,2.7,2.6583333333333323
Zimbabwe,ZWE,Sub-Saharan Africa,Eastern Africa,2013,2.0,2.33333333333333,2.5,2.2,2.258333333333333
Zimbabwe,ZWE,Sub-Saharan Africa,Eastern Africa,2012,2.0,2.33333333333333,2.4,2.2,2.2333333333333325
Zimbabwe,ZWE,Sub-Saharan Africa,Eastern Africa,2011,1.8333333333333333,2.3333333333333335,2.4,2.2,2.1916666666666664
Zimbabwe,ZWE,Sub-Saharan Africa,Eastern Africa,2010,1.6666666666666667,2.3333333333333335,1.8,2.1,1.975
Zimbabwe,ZWE,Sub-Saharan Africa,Eastern Africa,2009,1.6666666666666667,2.1666666666666665,1.6,2.0,1.8583333333333334
Zimbabwe,ZWE,Sub-Saharan Africa,Eastern Africa,2008,1.0,1.5,1.5,1.6,1.4
Zimbabwe,ZWE,Sub-Saharan Africa,Eastern Africa,2007,1.0,2.0,1.8,1.8,1.65
Zimbabwe,ZWE,Sub-Saharan Africa,Eastern Africa,2006,1.0,2.2,2.0,1.9,1.775
Zimbabwe,ZWE,Sub-Saharan Africa,Eastern Africa,2005,1.0,2.1666666666666665,2.0,2.1,1.8166666666666664
